"","CellNumbers","CellLifetime","CellFate"
"1",1,60.3333333333333,1
"2",2,1,0
"3",3,0.666666666666667,0
