"","CellNumbers","CellLifetime","CellFate"
"1",1,96.3333333333333,1
"2",2,30,0
"3",3,20.3333333333333,1
"4",6,21,0
"5",7,10,0
