"","CellNumbers","CellLifetime","CellFate"
"1",1,47.3333333333333,1
"2",2,29.6666666666667,0
"3",3,16.6666666666667,0
