"","CellNumbers","CellLifetime","CellFate"
"1",1,66.6666666666667,1
"2",2,17.6666666666667,2
"3",3,6.33333333333333,2
