"","CellNumbers","CellLifetime","CellFate"
"1",1,72.3333333333333,1
"2",2,2,0
"3",3,1.33333333333333,0
