"","CellNumbers","CellLifetime","CellFate"
"1",1,49,1
"2",2,1.66666666666667,0
"3",3,1.66666666666667,0
