"","CellNumbers","CellLifetime","CellFate"
"1",1,38.3333333333333,1
"2",2,4.33333333333333,0
"3",3,3,0
