"","CellNumbers","CellLifetime","CellFate"
"1",1,62.6666666666667,1
"2",2,1,0
"3",3,1.33333333333333,0
