"","CellNumbers","CellLifetime","CellFate"
"1",1,63,1
"2",2,0.666666666666667,0
"3",3,0.666666666666667,0
