"","CellNumbers","CellLifetime","CellFate"
"1",1,136.666666666667,1
"2",2,16.6666666666667,1
"3",3,22,0
"4",4,5,0
"5",5,5,0
