"","CellNumbers","CellLifetime","CellFate"
"1",1,31,1
"2",2,1.33333333333333,0
"3",3,1.33333333333333,0
