"","CellNumbers","CellLifetime","CellFate"
"1",1,74.3333333333333,1
"2",2,0.666666666666667,0
"3",3,1,0
