"","CellNumbers","CellLifetime","CellFate"
"1",1,70.6666666666667,1
"2",2,36.6666666666667,1
"3",3,70.6666666666667,2
"4",4,4.66666666666667,2
"5",5,6.33333333333333,2
